URL,Last crawled
https://www.pottydirectory.com/new-jersey/belleville/,2026-01-03
https://www.pottydirectory.com/ohio/powhatan-point/,2026-01-03
https://www.pottydirectory.com/ohio/columbus/clean-max-porta-potty-rental-columbus-columbus-ohio/,2026-01-03
https://www.pottydirectory.com/,2026-01-02
https://www.pottydirectory.com/ohio/dayton/butler-heating-air-conditioning-repair-dayton-ohio/,2026-01-01
https://pottydirectory.com/nebraska/grand-island/pilot-fuel-location-bosselman-travel-center-grand-island,2025-12-31
https://pottydirectory.com/nebraska/south-sioux-city/wilmes-do-it-best-hardware-south-sioux-city-nebraska,2025-12-31
https://www.pottydirectory.com/minnesota/,2025-12-30
https://pottydirectory.com/services/events,2025-12-29
http://pottydirectory.com/,2025-12-29
https://pottydirectory.com/north-carolina,2025-12-29
https://www.pottydirectory.com/kentucky/covington/,2025-12-28
https://www.pottydirectory.com/nebraska/grand-island/pilot-fuel-location-bosselman-travel-center-grand-island/,2025-12-28
https://pottydirectory.com/north-carolina/unknown/b-g-solutions-of-nc,2025-12-27
https://pottydirectory.com/minnesota/duluth,2025-12-27
https://www.pottydirectory.com/louisiana/lafayette/,2025-12-21
https://pottydirectory.com/blog/porta-potty-rental-cost,2025-12-10
https://pottydirectory.com/north-carolina/fuquay-varina,2025-12-10